0,appearance,02:10:00
1,appearance,02:10:00
2,appearance,02:10:00
3,appearance,02:10:00
4,appearance,02:10:00
5,appearance,02:10:00
6,appearance,02:10:00
7,appearance,02:10:00
8,appearance,02:10:00
9,appearance,02:10:00
10,appearance,02:10:01
11,appearance,02:10:01
12,appearance,02:10:01
13,appearance,02:10:02
14,appearance,02:10:02
15,appearance,02:10:03
0,appearance,02:15:10
1,appearance,02:15:10
2,appearance,02:15:10
3,appearance,02:15:10
4,appearance,02:15:10
0,appearance,02:15:37
1,appearance,02:15:37
2,appearance,02:15:37
3,appearance,02:15:37
0,appearance,02:15:48
1,appearance,02:15:48
2,appearance,02:15:48
3,appearance,02:15:48
4,appearance,02:15:48
0,appearance,02:16:07
1,appearance,02:16:07
2,appearance,02:16:07
3,appearance,02:16:07
4,appearance,02:16:07
5,appearance,02:16:07
6,appearance,02:16:07
7,appearance,02:16:07
8,appearance,02:16:07
9,appearance,02:16:07
10,appearance,02:16:07
11,appearance,02:16:07
12,appearance,02:16:08
13,appearance,02:16:09
14,appearance,02:16:09
15,appearance,02:16:09
